{
  "TEST_15m": {
    "symbol": "TEST",
    "timeframe": "15m",
    "start": "2024-01-01T10:00:00",
    "end": "2024-01-01T10:00:00",
    "rows": 1,
    "last_updated": "2025-11-26T18:22:51.941723",
    "file_size_mb": 0.004
  },
  "XAUUSD_1h": {
    "symbol": "XAUUSD",
    "timeframe": "1h",
    "start": "2025-10-27T22:00:00",
    "end": "2025-11-26T20:00:00",
    "rows": 504,
    "last_updated": "2025-11-26T21:47:46.157583",
    "file_size_mb": 0.022
  },
  "XAUUSD_15m": {
    "symbol": "XAUUSD",
    "timeframe": "15m",
    "start": "2025-09-28T22:00:00",
    "end": "2025-12-04T21:00:00",
    "rows": 4326,
    "last_updated": "2025-12-04T22:13:15.894303",
    "file_size_mb": 0.137
  },
  "XAUUSD_5m": {
    "symbol": "XAUUSD",
    "timeframe": "5m",
    "start": "2025-11-03T00:15:00",
    "end": "2025-12-03T14:35:00",
    "rows": 5799,
    "last_updated": "2025-12-03T15:45:31.789715",
    "file_size_mb": 0.148
  }
}